{
  "authors": [
    {
      "name": "p2p-citizen.eth",
      "active": false,
      "private_key": "0xa7118b404bd1e62e4e4fba08f38e1fc8a1e7f9a4a94ff94e6f83e6783f250fb1",
      "msca": "0x933C38865c57Ed0F2Bd77437681CDd89B0346C2d",
      "profile": "authors/p2p-citizen.md",
      "eoa": "0xD8B4502EC1cA915B3B6D292C0C3A61386783770F"
    },
    {
      "name": "unamore.eth",
      "active": true,
      "private_key": "0x4101e21db7d3d8c711a159ff73a7db032435a74cb7ecca07f0d04756c4194df3",
      "msca": "0xa1Fb9ce92842a23a347c925cc5F71507843Aac5e",
      "profile": "authors/unamore.md",
      "eoa": "0x8785e05B7Eb0Ff9B138d0882241A68F33Eff2915"
    }
  ],
  "updates": {
    "0xObsidian": [
      {
        "accepted": false,
        "block_number": 56929831,
        "datetime": "21-6-2024 15:34:23",
        "cid": "0xee7b17567d99d26f0bab483f3bc5d86e8db2ef0047e9c6d0a4ad22f5010a07c9",
        "contract": "0x10954D0815e948593D7eE3243eA3753CcdeB5074",
        "from": "0x933C38865c57Ed0F2Bd77437681CDd89B0346C2d",
        "name": "0xObsidian"
      },
      {
        "accepted": false,
        "block_number": 56931043,
        "datetime": "21-6-2024 15:39:47",
        "cid": "0x17125ed21cc6ec53cf14e9cc98c06a45817c55ba82e6f8df30b81222d7abc70b",
        "contract": "0x10954D0815e948593D7eE3243eA3753CcdeB5074",
        "from": "0x933C38865c57Ed0F2Bd77437681CDd89B0346C2d",
        "name": "0xObsidian"
      },
      {
        "accepted": false,
        "block_number": 56931549,
        "datetime": "21-6-2024 15:42:02",
        "cid": "0xee7b17567d99d26f0bab483f3bc5d86e8db2ef0047e9c6d0a4ad22f5010a07c9",
        "contract": "0x10954D0815e948593D7eE3243eA3753CcdeB5074",
        "from": "0x933C38865c57Ed0F2Bd77437681CDd89B0346C2d",
        "name": "0xObsidian"
      },
      {
        "accepted": false,
        "block_number": 56983755,
        "datetime": "21-6-2024 19:32:44",
        "cid": "0x77a540a869c19dbb5f146d5cc9730763290a730bb2388ff32d370907f3ea9ac8",
        "contract": "0x10954D0815e948593D7eE3243eA3753CcdeB5074",
        "from": "0x933C38865c57Ed0F2Bd77437681CDd89B0346C2d",
        "name": "0xObsidian"
      },
      {
        "accepted": false,
        "block_number": 56985066,
        "datetime": "21-6-2024 19:38:29",
        "cid": "0x1dd96092a6f86fd8e407e99adfa20ea638bedfd34a7ad76559bc9c9cd5b226f8",
        "contract": "0x10954D0815e948593D7eE3243eA3753CcdeB5074",
        "from": "0x933C38865c57Ed0F2Bd77437681CDd89B0346C2d",
        "name": "0xObsidian"
      },
      {
        "accepted": false,
        "block_number": 56987355,
        "datetime": "21-6-2024 19:48:34",
        "cid": "0x042ca2f39b4cbda40e119bf72ec83ceeb773a6120958149ca15ec246605e48f5",
        "contract": "0x10954D0815e948593D7eE3243eA3753CcdeB5074",
        "from": "0x933C38865c57Ed0F2Bd77437681CDd89B0346C2d",
        "name": "0xObsidian"
      },
      {
        "accepted": false,
        "block_number": 56988061,
        "datetime": "21-6-2024 19:51:42",
        "cid": "0xa48c568d294d0e9047b47b9155e627a9b066fb6c6e2b129d020596692260db67",
        "contract": "0x10954D0815e948593D7eE3243eA3753CcdeB5074",
        "from": "0x933C38865c57Ed0F2Bd77437681CDd89B0346C2d",
        "name": "0xObsidian"
      },
      {
        "accepted": false,
        "block_number": 56988404,
        "datetime": "21-6-2024 19:53:13",
        "cid": "0xb128a3e604ba11e90214c10fe01f92c6735e4c3d8ce4cc4b31239d4dad84e02d",
        "contract": "0x10954D0815e948593D7eE3243eA3753CcdeB5074",
        "from": "0x933C38865c57Ed0F2Bd77437681CDd89B0346C2d",
        "name": "0xObsidian"
      },
      {
        "accepted": false,
        "block_number": 56988505,
        "datetime": "21-6-2024 19:53:40",
        "cid": "0xcc30c2f9174f842766efad7e847e67ab67aa5dd5a352fc323d0de05620057c60",
        "contract": "0x10954D0815e948593D7eE3243eA3753CcdeB5074",
        "from": "0x933C38865c57Ed0F2Bd77437681CDd89B0346C2d",
        "name": "0xObsidian"
      },
      {
        "accepted": false,
        "block_number": 57012705,
        "datetime": "21-6-2024 21:40:18",
        "cid": "0x020253f35f1f6e8a28d165878af687b8d21ddf85d727b83ec17a179757f6b17c",
        "contract": "0x10954D0815e948593D7eE3243eA3753CcdeB5074",
        "from": "0x933C38865c57Ed0F2Bd77437681CDd89B0346C2d",
        "name": "0xObsidian"
      },
      {
        "accepted": false,
        "block_number": 57027955,
        "datetime": "21-6-2024 22:47:52",
        "cid": "0x5616cf2015d664f91792e19e0dbc5a1654d459da8e80a823ce8b9fc4eb91dc63",
        "contract": "0x10954D0815e948593D7eE3243eA3753CcdeB5074",
        "from": "0x933C38865c57Ed0F2Bd77437681CDd89B0346C2d",
        "name": "0xObsidian"
      },
      {
        "accepted": false,
        "block_number": 57037178,
        "datetime": "21-6-2024 23:28:44",
        "cid": "0xe250b39bb5786ca127131635780fdd36d38aadb8bdfc049ceb7d729d83a9ffc4",
        "contract": "0x10954D0815e948593D7eE3243eA3753CcdeB5074",
        "from": "0x933C38865c57Ed0F2Bd77437681CDd89B0346C2d",
        "name": "0xObsidian"
      }
    ],
    "publications": [
      {
        "accepted": false,
        "block_number": 64782564,
        "datetime": "18-7-2024 16:11:53",
        "cid": "0x082b1184c656503efdf384cb0e9700abeb3a6cdf233d300dfb497d6e4a99dd48",
        "contract": "0x1a4A1330777FdF901c98024971163fC2eDa6c223",
        "from": "0xa1Fb9ce92842a23a347c925cc5F71507843Aac5e",
        "name": "publications"
      }
    ]
  },
  "invites": [],
  "updatesIncludeMyOwn": true,
  "listening": false
}